{
  "name": "GnosisDAO",
  "skin": "gnosis",
  "about": "GnosisDAO transparently guides decisions on development, support, and governance of its GNO token ecosystem. Start your proposal here: https://forum.gnosis.io",
  "terms": "ipfs://QmYMwQwmsDPTtt3ncu1CaZXyJgdYD4EMbn86oAxT3AVtye",
  "avatar": "ipfs://QmVD5UHMZfvsuXJRdVcbnmrPgsUFjDjpSXAmfdv3W7MN42",
  "github": "gnosis",
  "symbol": "GNO",
  "filters": {
    "minScore": 1,
    "defaultTab": "all"
  },
  "network": "1",
  "voting": {
    "type": "basic",
    "delay": 0,
    "period": 604800,
    "hideAbstain": false
  },
  "moderators": [
    "0xd714Dd60e22BbB1cbAFD0e40dE5Cfa7bBDD3F3C8",
    "0x6d9ABa400a2a487a5Fb76c6d56518835553CD284",
    "0xf19d3e30392359440597ffE1d783ab77aebb2b4D",
    "0x8e32Cf520548BFC7a15799BB73EcC4B61F285626"
  ],
  "plugins": {
    "safeSnap": {
      "safes": [
        {
          "network": "1",
          "realityAddress": "0x0d70332CEB7F3C94b061cda48327891E3449A9E1",
          "multisend": "0xA238CBeb142c10Ef7Ad8442C6D1f9E89e07e7761"
        },
        {
          "network": "100",
          "realityAddress": "0xf1C276217e305D701484fa510A2efaf8A31573fd",
          "multisend": "0xA238CBeb142c10Ef7Ad8442C6D1f9E89e07e7761"
        }
      ]
    },
    "quorum": {
      "total": 75000,
      "strategy": "static",
      "basicCount": [0, 2]
    }
  },
  "twitter": "gnosisdao",
  "website": "https://gnosis.io",
  "location": "Ethereum",
  "strategies": [
    {
      "name": "gno",
      "network": "1",
      "params": {
        "symbol": "GNO",
        "decimals": 18,
        "SUBGRAPH_URL": "https://api.thegraph.com/subgraphs/id/QmYNFPz2j1S8wdm2nhou6wRhGXfVVFzVi37LKuvcHBayip"
      }
    },
    {
      "name": "delegation",
      "network": "1",
      "symbol": "GNO",
      "params": {
        "strategies": [
          {
            "name": "gno",
            "params": {
              "symbol": "GNO",
              "decimals": 18,
              "SUBGRAPH_URL": "https://api.thegraph.com/subgraphs/id/QmYNFPz2j1S8wdm2nhou6wRhGXfVVFzVi37LKuvcHBayip"
            }
          }
        ]
      }
    },
    {
      "name": "gno",
      "network": "100",
      "params": {
        "symbol": "GNO",
        "decimals": 18,
        "SUBGRAPH_URL": "https://api.thegraph.com/subgraphs/id/QmduKVUHCPjR5tmNEgooXHBMGKqDJWrUPdp6dEMeJM6Kqa"
      }
    },
    {
      "name": "delegation",
      "network": "100",
      "symbol": "GNO",
      "params": {
        "strategies": [
          {
            "name": "gno",
            "params": {
              "symbol": "GNO",
              "decimals": 18,
              "SUBGRAPH_URL": "https://api.thegraph.com/subgraphs/id/QmduKVUHCPjR5tmNEgooXHBMGKqDJWrUPdp6dEMeJM6Kqa"
            }
          }
        ]
      }
    }
  ]
}
